Series Name,Series Code,Country Name,Country Code,2010 [YR2010],2011 [YR2011],2012 [YR2012],2013 [YR2013],2014 [YR2014]
"Literacy rate, adult female (% of females ages 15 and above)",SE.ADT.LITR.FE.ZS,Afghanistan,AFG,..,17.61206055,..,..,..
"Literacy rate, adult female (% of females ages 15 and above)",SE.ADT.LITR.FE.ZS,Albania,ALB,..,95.69148254,96.13607025,..,..
"Literacy rate, adult female (% of females ages 15 and above)",SE.ADT.LITR.FE.ZS,Algeria,DZA,..,..,..,..,..
"Literacy rate, adult female (% of females ages 15 and above)",SE.ADT.LITR.FE.ZS,American Samoa,ASM,..,..,..,..,..
"Literacy rate, adult female (% of females ages 15 and above)",SE.ADT.LITR.FE.ZS,Andorra,AND,..,..,..,..,..
"Literacy rate, adult female (% of females ages 15 and above)",SE.ADT.LITR.FE.ZS,Angola,AGO,..,..,..,..,53.4072113
"Literacy rate, adult female (% of females ages 15 and above)",SE.ADT.LITR.FE.ZS,Antigua and Barbuda,ATG,..,..,..,..,..
"Literacy rate, adult female (% of females ages 15 and above)",SE.ADT.LITR.FE.ZS,Argentina,ARG,..,..,..,..,..
"Literacy rate, adult female (% of females ages 15 and above)",SE.ADT.LITR.FE.ZS,Armenia,ARM,..,99.69035339,..,..,..
"Literacy rate, adult female (% of females ages 15 and above)",SE.ADT.LITR.FE.ZS,Aruba,ABW,96.71977997,..,..,..,..
"Literacy rate, adult female (% of females ages 15 and above)",SE.ADT.LITR.FE.ZS,Australia,AUS,..,..,..,..,..
"Literacy rate, adult female (% of females ages 15 and above)",SE.ADT.LITR.FE.ZS,Austria,AUT,..,..,..,..,..
"Literacy rate, adult female (% of females ages 15 and above)",SE.ADT.LITR.FE.ZS,Azerbaijan,AZE,99.69262695,99.70496368,99.70285797,99.71681976,99.7196579
"Literacy rate, adult female (% of females ages 15 and above)",SE.ADT.LITR.FE.ZS,"Bahamas, The",BHS,..,..,..,..,..
"Literacy rate, adult female (% of females ages 15 and above)",SE.ADT.LITR.FE.ZS,Bahrain,BHR,91.61257935,..,..,..,..
"Literacy rate, adult female (% of females ages 15 and above)",SE.ADT.LITR.FE.ZS,Bangladesh,BGD,..,46.74320984,..,..,..
"Literacy rate, adult female (% of females ages 15 and above)",SE.ADT.LITR.FE.ZS,Barbados,BRB,..,..,..,..,..
"Literacy rate, adult female (% of females ages 15 and above)",SE.ADT.LITR.FE.ZS,Belarus,BLR,..,..,..,..,..
"Literacy rate, adult female (% of females ages 15 and above)",SE.ADT.LITR.FE.ZS,Belgium,BEL,..,..,..,..,..
"Literacy rate, adult female (% of females ages 15 and above)",SE.ADT.LITR.FE.ZS,Belize,BLZ,..,..,..,..,..
"Literacy rate, adult female (% of females ages 15 and above)",SE.ADT.LITR.FE.ZS,Benin,BEN,..,..,22.0938797,..,..
"Literacy rate, adult female (% of females ages 15 and above)",SE.ADT.LITR.FE.ZS,Bermuda,BMU,..,..,..,..,..
"Literacy rate, adult female (% of females ages 15 and above)",SE.ADT.LITR.FE.ZS,Bhutan,BTN,..,..,48.0165596,..,..
"Literacy rate, adult female (% of females ages 15 and above)",SE.ADT.LITR.FE.ZS,Bolivia,BOL,..,88.0802002,91.87326813,..,..
"Literacy rate, adult female (% of females ages 15 and above)",SE.ADT.LITR.FE.ZS,Bosnia and Herzegovina,BIH,..,96.80371094,..,94.91049194,..
"Literacy rate, adult female (% of females ages 15 and above)",SE.ADT.LITR.FE.ZS,Botswana,BWA,..,..,..,..,..
"Literacy rate, adult female (% of females ages 15 and above)",SE.ADT.LITR.FE.ZS,Brazil,BRA,90.68170166,91.63314819,91.62490082,91.76496124,92.06051636
"Literacy rate, adult female (% of females ages 15 and above)",SE.ADT.LITR.FE.ZS,British Virgin Islands,VGB,..,..,..,..,..
"Literacy rate, adult female (% of females ages 15 and above)",SE.ADT.LITR.FE.ZS,Brunei Darussalam,BRN,..,94.65248108,..,..,..
"Literacy rate, adult female (% of females ages 15 and above)",SE.ADT.LITR.FE.ZS,Bulgaria,BGR,..,97.98390198,..,..,..
"Literacy rate, adult female (% of females ages 15 and above)",SE.ADT.LITR.FE.ZS,Burkina Faso,BFA,..,..,..,..,26.22024918
"Literacy rate, adult female (% of females ages 15 and above)",SE.ADT.LITR.FE.ZS,Burundi,BDI,..,..,..,..,54.66302872
"Literacy rate, adult female (% of females ages 15 and above)",SE.ADT.LITR.FE.ZS,Cabo Verde,CPV,..,..,80.49622345,..,..
"Literacy rate, adult female (% of females ages 15 and above)",SE.ADT.LITR.FE.ZS,Cambodia,KHM,..,..,..,..,..
"Literacy rate, adult female (% of females ages 15 and above)",SE.ADT.LITR.FE.ZS,Cameroon,CMR,64.79949951,..,..,..,..
"Literacy rate, adult female (% of females ages 15 and above)",SE.ADT.LITR.FE.ZS,Canada,CAN,..,..,..,..,..
"Literacy rate, adult female (% of females ages 15 and above)",SE.ADT.LITR.FE.ZS,Cayman Islands,CYM,..,..,..,..,..
"Literacy rate, adult female (% of females ages 15 and above)",SE.ADT.LITR.FE.ZS,Central African Republic,CAF,24.35548973,..,..,..,..
"Literacy rate, adult female (% of females ages 15 and above)",SE.ADT.LITR.FE.ZS,Chad,TCD,..,..,..,..,..
"Literacy rate, adult female (% of females ages 15 and above)",SE.ADT.LITR.FE.ZS,Channel Islands,CHI,..,..,..,..,..
"Literacy rate, adult female (% of females ages 15 and above)",SE.ADT.LITR.FE.ZS,Chile,CHL,..,96.53070831,..,96.16175079,..
"Literacy rate, adult female (% of females ages 15 and above)",SE.ADT.LITR.FE.ZS,China,CHN,92.71122742,..,..,..,..
"Literacy rate, adult female (% of females ages 15 and above)",SE.ADT.LITR.FE.ZS,Colombia,COL,93.48679352,93.66712952,..,..,94.48465729
"Literacy rate, adult female (% of females ages 15 and above)",SE.ADT.LITR.FE.ZS,Comoros,COM,..,..,42.63729095,..,..
"Literacy rate, adult female (% of females ages 15 and above)",SE.ADT.LITR.FE.ZS,"Congo, Dem. Rep.",COD,..,..,62.91864014,..,..
"Literacy rate, adult female (% of females ages 15 and above)",SE.ADT.LITR.FE.ZS,"Congo, Rep.",COG,..,72.87705994,..,..,..
"Literacy rate, adult female (% of females ages 15 and above)",SE.ADT.LITR.FE.ZS,Costa Rica,CRI,..,97.50041199,..,..,..
"Literacy rate, adult female (% of females ages 15 and above)",SE.ADT.LITR.FE.ZS,Cote d'Ivoire,CIV,..,..,30.46171951,..,36.78424835
"Literacy rate, adult female (% of females ages 15 and above)",SE.ADT.LITR.FE.ZS,Croatia,HRV,..,98.66590881,..,..,..
"Literacy rate, adult female (% of females ages 15 and above)",SE.ADT.LITR.FE.ZS,Cuba,CUB,..,..,99.79988098,..,..
"Literacy rate, adult female (% of females ages 15 and above)",SE.ADT.LITR.FE.ZS,Curacao,CUW,..,..,..,..,..
"Literacy rate, adult female (% of females ages 15 and above)",SE.ADT.LITR.FE.ZS,Cyprus,CYP,..,98.1162262,..,..,..
"Literacy rate, adult female (% of females ages 15 and above)",SE.ADT.LITR.FE.ZS,Czech Republic,CZE,..,..,..,..,..
"Literacy rate, adult female (% of females ages 15 and above)",SE.ADT.LITR.FE.ZS,Denmark,DNK,..,..,..,..,..
"Literacy rate, adult female (% of females ages 15 and above)",SE.ADT.LITR.FE.ZS,Djibouti,DJI,..,..,..,..,..
"Literacy rate, adult female (% of females ages 15 and above)",SE.ADT.LITR.FE.ZS,Dominica,DMA,..,..,..,..,..
"Literacy rate, adult female (% of females ages 15 and above)",SE.ADT.LITR.FE.ZS,Dominican Republic,DOM,89.69730377,90.22557068,90.22416687,91.25051117,92.147789
"Literacy rate, adult female (% of females ages 15 and above)",SE.ADT.LITR.FE.ZS,Ecuador,ECU,90.47010803,90.22081757,90.95168304,92.21807861,93.25386047
"Literacy rate, adult female (% of females ages 15 and above)",SE.ADT.LITR.FE.ZS,"Egypt, Arab Rep.",EGY,63.51580811,..,65.75666046,67.17986298,..
"Literacy rate, adult female (% of females ages 15 and above)",SE.ADT.LITR.FE.ZS,El Salvador,SLV,82.30802155,83.01564026,..,84.67034912,..
"Literacy rate, adult female (% of females ages 15 and above)",SE.ADT.LITR.FE.ZS,Equatorial Guinea,GNQ,..,..,..,..,..
"Literacy rate, adult female (% of females ages 15 and above)",SE.ADT.LITR.FE.ZS,Eritrea,ERI,..,..,..,..,..
"Literacy rate, adult female (% of females ages 15 and above)",SE.ADT.LITR.FE.ZS,Estonia,EST,..,99.90947723,..,..,..
"Literacy rate, adult female (% of females ages 15 and above)",SE.ADT.LITR.FE.ZS,Eswatini,SWZ,82.44754791,..,..,..,..
"Literacy rate, adult female (% of females ages 15 and above)",SE.ADT.LITR.FE.ZS,Ethiopia,ETH,..,..,..,..,..
"Literacy rate, adult female (% of females ages 15 and above)",SE.ADT.LITR.FE.ZS,Faroe Islands,FRO,..,..,..,..,..
"Literacy rate, adult female (% of females ages 15 and above)",SE.ADT.LITR.FE.ZS,Fiji,FJI,..,..,..,..,..
"Literacy rate, adult female (% of females ages 15 and above)",SE.ADT.LITR.FE.ZS,Finland,FIN,..,..,..,..,..
"Literacy rate, adult female (% of females ages 15 and above)",SE.ADT.LITR.FE.ZS,France,FRA,..,..,..,..,..
"Literacy rate, adult female (% of females ages 15 and above)",SE.ADT.LITR.FE.ZS,French Polynesia,PYF,..,..,..,..,..
"Literacy rate, adult female (% of females ages 15 and above)",SE.ADT.LITR.FE.ZS,Gabon,GAB,..,..,79.87896729,..,..
"Literacy rate, adult female (% of females ages 15 and above)",SE.ADT.LITR.FE.ZS,"Gambia, The",GMB,..,..,..,33.57535172,..
"Literacy rate, adult female (% of females ages 15 and above)",SE.ADT.LITR.FE.ZS,Georgia,GEO,..,..,..,..,99.51457977
"Literacy rate, adult female (% of females ages 15 and above)",SE.ADT.LITR.FE.ZS,Germany,DEU,..,..,..,..,..
"Literacy rate, adult female (% of females ages 15 and above)",SE.ADT.LITR.FE.ZS,Ghana,GHA,65.29469299,..,..,..,..
"Literacy rate, adult female (% of females ages 15 and above)",SE.ADT.LITR.FE.ZS,Gibraltar,GIB,..,..,..,..,..
"Literacy rate, adult female (% of females ages 15 and above)",SE.ADT.LITR.FE.ZS,Greece,GRC,..,96.22849274,..,..,..
"Literacy rate, adult female (% of females ages 15 and above)",SE.ADT.LITR.FE.ZS,Greenland,GRL,..,..,..,..,..
"Literacy rate, adult female (% of females ages 15 and above)",SE.ADT.LITR.FE.ZS,Grenada,GRD,..,..,..,..,..
"Literacy rate, adult female (% of females ages 15 and above)",SE.ADT.LITR.FE.ZS,Guam,GUM,..,..,..,..,..
"Literacy rate, adult female (% of females ages 15 and above)",SE.ADT.LITR.FE.ZS,Guatemala,GTM,..,..,72.42803955,72.12758636,76.37065887
"Literacy rate, adult female (% of females ages 15 and above)",SE.ADT.LITR.FE.ZS,Guinea,GIN,12.19194984,..,..,..,21.96228027
"Literacy rate, adult female (% of females ages 15 and above)",SE.ADT.LITR.FE.ZS,Guinea-Bissau,GNB,..,..,..,..,30.76851082
"Literacy rate, adult female (% of females ages 15 and above)",SE.ADT.LITR.FE.ZS,Guyana,GUY,..,..,..,..,85.03460693
"Literacy rate, adult female (% of females ages 15 and above)",SE.ADT.LITR.FE.ZS,Haiti,HTI,..,..,..,..,..
"Literacy rate, adult female (% of females ages 15 and above)",SE.ADT.LITR.FE.ZS,Honduras,HND,84.72502899,84.93026733,85.05148315,85.284729,87.02599335
"Literacy rate, adult female (% of females ages 15 and above)",SE.ADT.LITR.FE.ZS,"Hong Kong SAR, China",HKG,..,..,..,..,..
"Literacy rate, adult female (% of females ages 15 and above)",SE.ADT.LITR.FE.ZS,Hungary,HUN,..,..,..,..,..
"Literacy rate, adult female (% of females ages 15 and above)",SE.ADT.LITR.FE.ZS,Iceland,ISL,..,..,..,..,..
"Literacy rate, adult female (% of females ages 15 and above)",SE.ADT.LITR.FE.ZS,India,IND,..,59.27732086,..,..,..
"Literacy rate, adult female (% of females ages 15 and above)",SE.ADT.LITR.FE.ZS,Indonesia,IDN,..,90.0687027,..,..,93.45089722
"Literacy rate, adult female (% of females ages 15 and above)",SE.ADT.LITR.FE.ZS,"Iran, Islamic Rep.",IRN,..,..,78.4162674,79.75583649,79.83934784
"Literacy rate, adult female (% of females ages 15 and above)",SE.ADT.LITR.FE.ZS,Iraq,IRQ,..,..,..,37.95524979,..
"Literacy rate, adult female (% of females ages 15 and above)",SE.ADT.LITR.FE.ZS,Ireland,IRL,..,..,..,..,..
"Literacy rate, adult female (% of females ages 15 and above)",SE.ADT.LITR.FE.ZS,Isle of Man,IMN,..,..,..,..,..
"Literacy rate, adult female (% of females ages 15 and above)",SE.ADT.LITR.FE.ZS,Israel,ISR,..,..,..,..,..
"Literacy rate, adult female (% of females ages 15 and above)",SE.ADT.LITR.FE.ZS,Italy,ITA,..,98.57956696,..,..,..
"Literacy rate, adult female (% of females ages 15 and above)",SE.ADT.LITR.FE.ZS,Jamaica,JAM,..,..,..,..,..
"Literacy rate, adult female (% of females ages 15 and above)",SE.ADT.LITR.FE.ZS,Japan,JPN,..,..,..,..,..
"Literacy rate, adult female (% of females ages 15 and above)",SE.ADT.LITR.FE.ZS,Jordan,JOR,89.20774078,93.93345642,97.37200928,..,..
"Literacy rate, adult female (% of females ages 15 and above)",SE.ADT.LITR.FE.ZS,Kazakhstan,KAZ,99.73899078,..,..,..,..
"Literacy rate, adult female (% of females ages 15 and above)",SE.ADT.LITR.FE.ZS,Kenya,KEN,..,..,..,..,74.00631714
"Literacy rate, adult female (% of females ages 15 and above)",SE.ADT.LITR.FE.ZS,Kiribati,KIR,..,..,..,..,..
"Literacy rate, adult female (% of females ages 15 and above)",SE.ADT.LITR.FE.ZS,"Korea, Dem. People’s Rep.",PRK,..,..,..,..,..
"Literacy rate, adult female (% of females ages 15 and above)",SE.ADT.LITR.FE.ZS,"Korea, Rep.",KOR,..,..,..,..,..
"Literacy rate, adult female (% of females ages 15 and above)",SE.ADT.LITR.FE.ZS,Kosovo,XKX,..,..,..,..,..
"Literacy rate, adult female (% of females ages 15 and above)",SE.ADT.LITR.FE.ZS,Kuwait,KWT,92.68093872,..,94.96524811,94.30116272,..
"Literacy rate, adult female (% of females ages 15 and above)",SE.ADT.LITR.FE.ZS,Kyrgyz Republic,KGZ,..,..,..,..,..
"Literacy rate, adult female (% of females ages 15 and above)",SE.ADT.LITR.FE.ZS,Lao PDR,LAO,..,49.72307968,..,..,..
"Literacy rate, adult female (% of females ages 15 and above)",SE.ADT.LITR.FE.ZS,Latvia,LVA,..,99.90792084,..,..,..
"Literacy rate, adult female (% of females ages 15 and above)",SE.ADT.LITR.FE.ZS,Lebanon,LBN,..,..,..,..,..
"Literacy rate, adult female (% of females ages 15 and above)",SE.ADT.LITR.FE.ZS,Lesotho,LSO,..,..,..,..,84.93489075
"Literacy rate, adult female (% of females ages 15 and above)",SE.ADT.LITR.FE.ZS,Liberia,LBR,..,..,..,..,..
"Literacy rate, adult female (% of females ages 15 and above)",SE.ADT.LITR.FE.ZS,Libya,LBY,..,..,..,..,..
"Literacy rate, adult female (% of females ages 15 and above)",SE.ADT.LITR.FE.ZS,Liechtenstein,LIE,..,..,..,..,..
"Literacy rate, adult female (% of females ages 15 and above)",SE.ADT.LITR.FE.ZS,Lithuania,LTU,..,99.83323669,..,..,..
"Literacy rate, adult female (% of females ages 15 and above)",SE.ADT.LITR.FE.ZS,Luxembourg,LUX,..,..,..,..,..
"Literacy rate, adult female (% of females ages 15 and above)",SE.ADT.LITR.FE.ZS,"Macao SAR, China",MAC,..,93.73191071,..,..,..
"Literacy rate, adult female (% of females ages 15 and above)",SE.ADT.LITR.FE.ZS,"Macedonia, FYR",MKD,..,..,..,..,..
"Literacy rate, adult female (% of females ages 15 and above)",SE.ADT.LITR.FE.ZS,Madagascar,MDG,..,..,68.28330231,..,..
"Literacy rate, adult female (% of females ages 15 and above)",SE.ADT.LITR.FE.ZS,Malawi,MWI,51.25196838,..,..,..,55.13098907
"Literacy rate, adult female (% of females ages 15 and above)",SE.ADT.LITR.FE.ZS,Malaysia,MYS,90.74768066,..,..,..,..
"Literacy rate, adult female (% of females ages 15 and above)",SE.ADT.LITR.FE.ZS,Maldives,MDV,..,..,..,..,98.69167328
"Literacy rate, adult female (% of females ages 15 and above)",SE.ADT.LITR.FE.ZS,Mali,MLI,20.28792953,24.63678932,..,..,..
"Literacy rate, adult female (% of females ages 15 and above)",SE.ADT.LITR.FE.ZS,Malta,MLT,..,94.79003906,..,..,..
"Literacy rate, adult female (% of females ages 15 and above)",SE.ADT.LITR.FE.ZS,Marshall Islands,MHL,..,98.20298004,..,..,..
"Literacy rate, adult female (% of females ages 15 and above)",SE.ADT.LITR.FE.ZS,Mauritania,MRT,..,..,..,..,..
"Literacy rate, adult female (% of females ages 15 and above)",SE.ADT.LITR.FE.ZS,Mauritius,MUS,..,86.65807343,88.97934723,89.05094147,90.28331757
"Literacy rate, adult female (% of females ages 15 and above)",SE.ADT.LITR.FE.ZS,Mexico,MEX,91.85341644,92.33827972,93.17923737,92.90393829,93.59133911
"Literacy rate, adult female (% of females ages 15 and above)",SE.ADT.LITR.FE.ZS,"Micronesia, Fed. Sts.",FSM,..,..,..,..,..
"Literacy rate, adult female (% of females ages 15 and above)",SE.ADT.LITR.FE.ZS,Moldova,MDA,..,..,98.92424774,..,..
"Literacy rate, adult female (% of females ages 15 and above)",SE.ADT.LITR.FE.ZS,Monaco,MCO,..,..,..,..,..
"Literacy rate, adult female (% of females ages 15 and above)",SE.ADT.LITR.FE.ZS,Mongolia,MNG,98.33663177,..,..,..,..
"Literacy rate, adult female (% of females ages 15 and above)",SE.ADT.LITR.FE.ZS,Montenegro,MNE,..,97.50051117,..,..,..
"Literacy rate, adult female (% of females ages 15 and above)",SE.ADT.LITR.FE.ZS,Morocco,MAR,..,57.63999176,59.13063812,..,..
"Literacy rate, adult female (% of females ages 15 and above)",SE.ADT.LITR.FE.ZS,Mozambique,MOZ,..,..,..,..,..
"Literacy rate, adult female (% of females ages 15 and above)",SE.ADT.LITR.FE.ZS,Myanmar,MMR,..,..,..,..,..
"Literacy rate, adult female (% of females ages 15 and above)",SE.ADT.LITR.FE.ZS,Namibia,NAM,..,87.95105743,..,..,..
"Literacy rate, adult female (% of females ages 15 and above)",SE.ADT.LITR.FE.ZS,Nauru,NRU,..,..,..,..,..
"Literacy rate, adult female (% of females ages 15 and above)",SE.ADT.LITR.FE.ZS,Nepal,NPL,..,48.83758926,..,..,..
"Literacy rate, adult female (% of females ages 15 and above)",SE.ADT.LITR.FE.ZS,Netherlands,NLD,..,..,..,..,..
"Literacy rate, adult female (% of females ages 15 and above)",SE.ADT.LITR.FE.ZS,New Caledonia,NCL,..,..,..,..,..
"Literacy rate, adult female (% of females ages 15 and above)",SE.ADT.LITR.FE.ZS,New Zealand,NZL,..,..,..,..,..
"Literacy rate, adult female (% of females ages 15 and above)",SE.ADT.LITR.FE.ZS,Nicaragua,NIC,..,..,..,..,..
"Literacy rate, adult female (% of females ages 15 and above)",SE.ADT.LITR.FE.ZS,Niger,NER,..,..,8.939740181,..,..
"Literacy rate, adult female (% of females ages 15 and above)",SE.ADT.LITR.FE.ZS,Nigeria,NGA,..,..,..,..,..
"Literacy rate, adult female (% of females ages 15 and above)",SE.ADT.LITR.FE.ZS,Northern Mariana Islands,MNP,..,..,..,..,..
"Literacy rate, adult female (% of females ages 15 and above)",SE.ADT.LITR.FE.ZS,Norway,NOR,..,..,..,..,..
"Literacy rate, adult female (% of females ages 15 and above)",SE.ADT.LITR.FE.ZS,Oman,OMN,81.80323029,..,..,..,88.92669678
"Literacy rate, adult female (% of females ages 15 and above)",SE.ADT.LITR.FE.ZS,Pakistan,PAK,41.01552963,41.97539139,43.07189178,41.97494125,44.28342056
"Literacy rate, adult female (% of females ages 15 and above)",SE.ADT.LITR.FE.ZS,Palau,PLW,..,..,..,99.52793884,..
"Literacy rate, adult female (% of females ages 15 and above)",SE.ADT.LITR.FE.ZS,Panama,PAN,93.48526001,..,..,..,..
"Literacy rate, adult female (% of females ages 15 and above)",SE.ADT.LITR.FE.ZS,Papua New Guinea,PNG,..,..,..,..,..
"Literacy rate, adult female (% of females ages 15 and above)",SE.ADT.LITR.FE.ZS,Paraguay,PRY,92.9257431,..,..,..,93.73455048
"Literacy rate, adult female (% of females ages 15 and above)",SE.ADT.LITR.FE.ZS,Peru,PER,..,..,90.66883087,..,90.4491806
"Literacy rate, adult female (% of females ages 15 and above)",SE.ADT.LITR.FE.ZS,Philippines,PHL,..,..,..,96.78736115,..
"Literacy rate, adult female (% of females ages 15 and above)",SE.ADT.LITR.FE.ZS,Poland,POL,..,..,..,..,..
"Literacy rate, adult female (% of females ages 15 and above)",SE.ADT.LITR.FE.ZS,Portugal,PRT,..,92.86077118,..,..,..
"Literacy rate, adult female (% of females ages 15 and above)",SE.ADT.LITR.FE.ZS,Puerto Rico,PRI,92.53015137,..,..,..,..
"Literacy rate, adult female (% of females ages 15 and above)",SE.ADT.LITR.FE.ZS,Qatar,QAT,95.4018631,95.56330109,95.77407837,97.07314301,97.55827332
"Literacy rate, adult female (% of females ages 15 and above)",SE.ADT.LITR.FE.ZS,Romania,ROU,..,98.20520782,..,..,..
"Literacy rate, adult female (% of females ages 15 and above)",SE.ADT.LITR.FE.ZS,Russian Federation,RUS,99.64778137,..,..,..,..
"Literacy rate, adult female (% of females ages 15 and above)",SE.ADT.LITR.FE.ZS,Rwanda,RWA,61.54861069,..,64.66448975,..,..
"Literacy rate, adult female (% of females ages 15 and above)",SE.ADT.LITR.FE.ZS,Samoa,WSM,..,99.06952667,..,..,..
"Literacy rate, adult female (% of females ages 15 and above)",SE.ADT.LITR.FE.ZS,San Marino,SMR,..,..,..,..,..
"Literacy rate, adult female (% of females ages 15 and above)",SE.ADT.LITR.FE.ZS,Sao Tome and Principe,STP,..,..,85.4417038,..,..
"Literacy rate, adult female (% of females ages 15 and above)",SE.ADT.LITR.FE.ZS,Saudi Arabia,SAU,..,..,..,91.36924744,..
"Literacy rate, adult female (% of females ages 15 and above)",SE.ADT.LITR.FE.ZS,Senegal,SEN,..,40.42491913,..,33.59659958,..
"Literacy rate, adult female (% of females ages 15 and above)",SE.ADT.LITR.FE.ZS,Serbia,SRB,..,96.74910736,..,..,..
"Literacy rate, adult female (% of females ages 15 and above)",SE.ADT.LITR.FE.ZS,Seychelles,SYC,94.44898224,..,..,..,..
"Literacy rate, adult female (% of females ages 15 and above)",SE.ADT.LITR.FE.ZS,Sierra Leone,SLE,..,..,..,24.85667992,..
"Literacy rate, adult female (% of females ages 15 and above)",SE.ADT.LITR.FE.ZS,Singapore,SGP,93.77481079,94.06839752,94.35958862,94.64199066,94.91132355
"Literacy rate, adult female (% of females ages 15 and above)",SE.ADT.LITR.FE.ZS,Sint Maarten (Dutch part),SXM,..,..,..,..,..
"Literacy rate, adult female (% of females ages 15 and above)",SE.ADT.LITR.FE.ZS,Slovak Republic,SVK,..,..,..,..,..
"Literacy rate, adult female (% of females ages 15 and above)",SE.ADT.LITR.FE.ZS,Slovenia,SVN,..,..,..,..,..
"Literacy rate, adult female (% of females ages 15 and above)",SE.ADT.LITR.FE.ZS,Solomon Islands,SLB,..,..,..,..,..
"Literacy rate, adult female (% of females ages 15 and above)",SE.ADT.LITR.FE.ZS,Somalia,SOM,..,..,..,..,..
"Literacy rate, adult female (% of females ages 15 and above)",SE.ADT.LITR.FE.ZS,South Africa,ZAF,91.71398926,92.04788971,92.58625031,..,93.07305908
"Literacy rate, adult female (% of females ages 15 and above)",SE.ADT.LITR.FE.ZS,South Sudan,SSD,..,..,..,..,..
"Literacy rate, adult female (% of females ages 15 and above)",SE.ADT.LITR.FE.ZS,Spain,ESP,97.00450134,97.06556702,97.21804047,97.4405365,97.48735046
"Literacy rate, adult female (% of females ages 15 and above)",SE.ADT.LITR.FE.ZS,Sri Lanka,LKA,89.9586792,..,..,..,..
"Literacy rate, adult female (% of females ages 15 and above)",SE.ADT.LITR.FE.ZS,St. Kitts and Nevis,KNA,..,..,..,..,..
"Literacy rate, adult female (% of females ages 15 and above)",SE.ADT.LITR.FE.ZS,St. Lucia,LCA,..,..,..,..,..
"Literacy rate, adult female (% of females ages 15 and above)",SE.ADT.LITR.FE.ZS,St. Martin (French part),MAF,..,..,..,..,..
"Literacy rate, adult female (% of females ages 15 and above)",SE.ADT.LITR.FE.ZS,St. Vincent and the Grenadines,VCT,..,..,..,..,..
"Literacy rate, adult female (% of females ages 15 and above)",SE.ADT.LITR.FE.ZS,Sudan,SDN,..,..,..,..,..
"Literacy rate, adult female (% of females ages 15 and above)",SE.ADT.LITR.FE.ZS,Suriname,SUR,94.00354004,..,90.99790955,..,..
"Literacy rate, adult female (% of females ages 15 and above)",SE.ADT.LITR.FE.ZS,Sweden,SWE,..,..,..,..,..
"Literacy rate, adult female (% of females ages 15 and above)",SE.ADT.LITR.FE.ZS,Switzerland,CHE,..,..,..,..,..
"Literacy rate, adult female (% of females ages 15 and above)",SE.ADT.LITR.FE.ZS,Syrian Arab Republic,SYR,..,..,..,..,..
"Literacy rate, adult female (% of females ages 15 and above)",SE.ADT.LITR.FE.ZS,Tajikistan,TJK,..,..,..,..,..
"Literacy rate, adult female (% of females ages 15 and above)",SE.ADT.LITR.FE.ZS,Tanzania,TZA,60.7526207,..,73.34718323,..,..
"Literacy rate, adult female (% of females ages 15 and above)",SE.ADT.LITR.FE.ZS,Thailand,THA,96.42704773,..,..,92.24916077,..
"Literacy rate, adult female (% of females ages 15 and above)",SE.ADT.LITR.FE.ZS,Timor-Leste,TLS,52.95899963,..,..,..,..
"Literacy rate, adult female (% of females ages 15 and above)",SE.ADT.LITR.FE.ZS,Togo,TGO,..,47.97739029,..,..,..
"Literacy rate, adult female (% of females ages 15 and above)",SE.ADT.LITR.FE.ZS,Tonga,TON,..,99.43421936,..,..,..
"Literacy rate, adult female (% of females ages 15 and above)",SE.ADT.LITR.FE.ZS,Trinidad and Tobago,TTO,..,..,..,..,..
"Literacy rate, adult female (% of females ages 15 and above)",SE.ADT.LITR.FE.ZS,Tunisia,TUN,71.08821106,71.729599,72.16065216,..,72.22377014
"Literacy rate, adult female (% of females ages 15 and above)",SE.ADT.LITR.FE.ZS,Turkey,TUR,88.07317352,90.31009674,91.60452271,92.13807678,92.40181732
"Literacy rate, adult female (% of females ages 15 and above)",SE.ADT.LITR.FE.ZS,Turkmenistan,TKM,..,..,..,..,..
"Literacy rate, adult female (% of females ages 15 and above)",SE.ADT.LITR.FE.ZS,Turks and Caicos Islands,TCA,..,..,..,..,..
"Literacy rate, adult female (% of females ages 15 and above)",SE.ADT.LITR.FE.ZS,Tuvalu,TUV,..,..,..,..,..
"Literacy rate, adult female (% of females ages 15 and above)",SE.ADT.LITR.FE.ZS,Uganda,UGA,64.59145355,..,61.97042847,..,..
"Literacy rate, adult female (% of females ages 15 and above)",SE.ADT.LITR.FE.ZS,Ukraine,UKR,..,..,99.95819855,..,..
"Literacy rate, adult female (% of females ages 15 and above)",SE.ADT.LITR.FE.ZS,United Arab Emirates,ARE,..,..,..,..,..
"Literacy rate, adult female (% of females ages 15 and above)",SE.ADT.LITR.FE.ZS,United Kingdom,GBR,..,..,..,..,..
"Literacy rate, adult female (% of females ages 15 and above)",SE.ADT.LITR.FE.ZS,United States,USA,..,..,..,..,..
"Literacy rate, adult female (% of females ages 15 and above)",SE.ADT.LITR.FE.ZS,Uruguay,URY,98.49095154,98.61907959,98.66055298,98.63642883,98.80905151
"Literacy rate, adult female (% of females ages 15 and above)",SE.ADT.LITR.FE.ZS,Uzbekistan,UZB,..,..,..,99.9958725,99.9759903
"Literacy rate, adult female (% of females ages 15 and above)",SE.ADT.LITR.FE.ZS,Vanuatu,VUT,..,..,..,..,..
"Literacy rate, adult female (% of females ages 15 and above)",SE.ADT.LITR.FE.ZS,"Venezuela, RB",VEN,..,95.02887726,..,..,..
"Literacy rate, adult female (% of females ages 15 and above)",SE.ADT.LITR.FE.ZS,Vietnam,VNM,..,..,..,..,..
"Literacy rate, adult female (% of females ages 15 and above)",SE.ADT.LITR.FE.ZS,Virgin Islands (U.S.),VIR,..,..,..,..,..
"Literacy rate, adult female (% of females ages 15 and above)",SE.ADT.LITR.FE.ZS,West Bank and Gaza,PSE,92.17279816,92.61618042,93.56537628,94.126091,94.4072876
"Literacy rate, adult female (% of females ages 15 and above)",SE.ADT.LITR.FE.ZS,"Yemen, Rep.",YEM,..,..,..,..,..
"Literacy rate, adult female (% of females ages 15 and above)",SE.ADT.LITR.FE.ZS,Zambia,ZMB,77.74664307,..,..,..,..
"Literacy rate, adult female (% of females ages 15 and above)",SE.ADT.LITR.FE.ZS,Zimbabwe,ZWE,..,80.06565857,..,..,88.28382874
"Literacy rate, adult female (% of females ages 15 and above)",SE.ADT.LITR.FE.ZS,Arab World,ARB,60.22807,62.32558,63.69985,64.176,64.81879
"Literacy rate, adult female (% of females ages 15 and above)",SE.ADT.LITR.FE.ZS,Caribbean small states,CSS,..,..,..,..,..
"Literacy rate, adult female (% of females ages 15 and above)",SE.ADT.LITR.FE.ZS,Central Europe and the Baltics,CEB,..,..,..,..,..
"Literacy rate, adult female (% of females ages 15 and above)",SE.ADT.LITR.FE.ZS,Early-demographic dividend,EAR,68.19773,68.11016,69.73566,70.3697,71.35424
"Literacy rate, adult female (% of females ages 15 and above)",SE.ADT.LITR.FE.ZS,East Asia & Pacific,EAS,93.03505,92.93043,93.20601,93.31953,93.78897
"Literacy rate, adult female (% of females ages 15 and above)",SE.ADT.LITR.FE.ZS,East Asia & Pacific (excluding high income),EAP,92.36172,92.24384,92.55235,92.67822,93.20382
"Literacy rate, adult female (% of females ages 15 and above)",SE.ADT.LITR.FE.ZS,East Asia & Pacific (IDA & IBRD countries),TEA,92.26191,92.14249,92.45502,92.58249,93.11492
"Literacy rate, adult female (% of females ages 15 and above)",SE.ADT.LITR.FE.ZS,Euro area,EMU,98.31902,98.4948,98.5532,98.61003,98.6427
"Literacy rate, adult female (% of females ages 15 and above)",SE.ADT.LITR.FE.ZS,Europe & Central Asia,ECS,98.19816,98.43038,98.53956,98.59316,98.62377
"Literacy rate, adult female (% of females ages 15 and above)",SE.ADT.LITR.FE.ZS,Europe & Central Asia (excluding high income),ECA,97.56464,97.93379,98.12746,98.19782,98.23736
"Literacy rate, adult female (% of females ages 15 and above)",SE.ADT.LITR.FE.ZS,Europe & Central Asia (IDA & IBRD countries),TEC,97.707,98.03978,98.21442,98.2783,98.31441
"Literacy rate, adult female (% of females ages 15 and above)",SE.ADT.LITR.FE.ZS,European Union,EUU,98.63986,98.76105,98.80419,98.84626,98.87213
"Literacy rate, adult female (% of females ages 15 and above)",SE.ADT.LITR.FE.ZS,Fragile and conflict affected situations,FCS,52.42944,51.87321,52.35852,52.18612,53.17359
"Literacy rate, adult female (% of females ages 15 and above)",SE.ADT.LITR.FE.ZS,Heavily indebted poor countries (HIPC),HPC,45.73273,48.23862,49.57801,50.09255,51.25065
"Literacy rate, adult female (% of females ages 15 and above)",SE.ADT.LITR.FE.ZS,High income,HIC,..,..,..,..,..
"Literacy rate, adult female (% of females ages 15 and above)",SE.ADT.LITR.FE.ZS,IBRD only,IBD,82.42833,82.97425,83.34165,83.63086,84.15142
"Literacy rate, adult female (% of females ages 15 and above)",SE.ADT.LITR.FE.ZS,IDA & IBRD total,IBT,76.49386,76.80529,77.67719,77.91585,78.4771
"Literacy rate, adult female (% of females ages 15 and above)",SE.ADT.LITR.FE.ZS,IDA blend,IDB,62.38062,62.8115,63.5148,63.45454,64.51645
"Literacy rate, adult female (% of females ages 15 and above)",SE.ADT.LITR.FE.ZS,IDA only,IDX,50.90832,50.25657,54.5324,55.12626,56.07033
"Literacy rate, adult female (% of females ages 15 and above)",SE.ADT.LITR.FE.ZS,IDA total,IDA,55.24162,54.9809,57.89978,58.23639,59.21152
"Literacy rate, adult female (% of females ages 15 and above)",SE.ADT.LITR.FE.ZS,Late-demographic dividend,LTE,92.86651,93.53047,93.754,93.82494,94.06224
"Literacy rate, adult female (% of females ages 15 and above)",SE.ADT.LITR.FE.ZS,Latin America & Caribbean,LCN,91.03081,91.56052,91.89651,91.97142,92.42865
"Literacy rate, adult female (% of females ages 15 and above)",SE.ADT.LITR.FE.ZS,Latin America & Caribbean (excluding high income),LAC,90.72948,91.31447,91.65895,91.75731,92.22832
"Literacy rate, adult female (% of females ages 15 and above)",SE.ADT.LITR.FE.ZS,Latin America & the Caribbean (IDA & IBRD countries),TLA,90.8161,91.3608,91.70698,91.78572,92.25718
"Literacy rate, adult female (% of females ages 15 and above)",SE.ADT.LITR.FE.ZS,Least developed countries: UN classification,LDC,48.48305,47.68768,52.36386,52.97524,53.9116
"Literacy rate, adult female (% of females ages 15 and above)",SE.ADT.LITR.FE.ZS,Low & middle income,LMY,76.36872,76.6877,77.56643,77.81056,78.37605
"Literacy rate, adult female (% of females ages 15 and above)",SE.ADT.LITR.FE.ZS,Low income,LIC,45.47772,48.0812,49.42481,49.8719,50.92416
"Literacy rate, adult female (% of females ages 15 and above)",SE.ADT.LITR.FE.ZS,Lower middle income,LMC,65.11897,65.12375,66.86439,67.47874,68.48568
"Literacy rate, adult female (% of females ages 15 and above)",SE.ADT.LITR.FE.ZS,Middle East & North Africa,MEA,68.6362,69.41557,69.92336,70.53463,71.02756
"Literacy rate, adult female (% of females ages 15 and above)",SE.ADT.LITR.FE.ZS,Middle East & North Africa (excluding high income),MNA,66.22887,66.4356,66.92492,67.47927,67.98762
"Literacy rate, adult female (% of females ages 15 and above)",SE.ADT.LITR.FE.ZS,Middle East & North Africa (IDA & IBRD countries),TMN,65.96408,66.1637,66.64299,67.19178,67.69725
"Literacy rate, adult female (% of females ages 15 and above)",SE.ADT.LITR.FE.ZS,Middle income,MIC,78.97214,79.13664,80.01646,80.28632,80.85309
"Literacy rate, adult female (% of females ages 15 and above)",SE.ADT.LITR.FE.ZS,North America,NAC,..,..,..,..,..
"Literacy rate, adult female (% of females ages 15 and above)",SE.ADT.LITR.FE.ZS,Not classified,INX,..,..,..,..,..
"Literacy rate, adult female (% of females ages 15 and above)",SE.ADT.LITR.FE.ZS,OECD members,OED,..,..,..,..,..
"Literacy rate, adult female (% of females ages 15 and above)",SE.ADT.LITR.FE.ZS,Other small states,OSS,77.701,78.29329,78.83495,79.30636,79.67104
"Literacy rate, adult female (% of females ages 15 and above)",SE.ADT.LITR.FE.ZS,Pacific island small states,PSS,..,..,..,..,..
"Literacy rate, adult female (% of females ages 15 and above)",SE.ADT.LITR.FE.ZS,Post-demographic dividend,PST,..,..,..,..,..
"Literacy rate, adult female (% of females ages 15 and above)",SE.ADT.LITR.FE.ZS,Pre-demographic dividend,PRE,45.4385,47.67761,48.89874,49.26272,50.36524
"Literacy rate, adult female (% of females ages 15 and above)",SE.ADT.LITR.FE.ZS,Small states,SST,81.00676,81.40965,81.73062,81.9703,82.22147
"Literacy rate, adult female (% of females ages 15 and above)",SE.ADT.LITR.FE.ZS,South Asia,SAS,55.60068,56.11129,58.57924,59.34724,60.44465
"Literacy rate, adult female (% of females ages 15 and above)",SE.ADT.LITR.FE.ZS,South Asia (IDA & IBRD),TSA,55.60068,56.11129,58.57924,59.34724,60.44465
"Literacy rate, adult female (% of females ages 15 and above)",SE.ADT.LITR.FE.ZS,Sub-Saharan Africa,SSF,50.66965,52.61507,53.81367,54.35997,55.31948
"Literacy rate, adult female (% of females ages 15 and above)",SE.ADT.LITR.FE.ZS,Sub-Saharan Africa (excluding high income),SSA,50.66345,52.60921,53.80806,54.35452,55.31425
"Literacy rate, adult female (% of females ages 15 and above)",SE.ADT.LITR.FE.ZS,Sub-Saharan Africa (IDA & IBRD countries),TSS,50.66965,52.61507,53.81367,54.35997,55.31948
"Literacy rate, adult female (% of females ages 15 and above)",SE.ADT.LITR.FE.ZS,Upper middle income,UMC,91.88748,92.31607,92.50704,92.57711,92.84863
"Literacy rate, adult female (% of females ages 15 and above)",SE.ADT.LITR.FE.ZS,World,WLD,80.4911,80.75708,81.45047,81.62854,82.06664
,,,,,,,,
,,,,,,,,
,,,,,,,,
Data from database: World Development Indicators,,,,,,,,
Last Updated: 11/14/2018,,,,,,,,